Action,ItemID,Category,Title,Description,PictureURL,URL to eBay listing,
Add,MVR0000001,DVDs & Movies,Paris Je T'aime (DVD) - Blockbuster Video Nostalgia,Movie about Paris,https://i.ebayimg.com/images/g/H8gAAeSw38xo-WeB/s-l1600.jpg,https://ebay.us/m/6u9qCB,https://ebay.us/m/6u9qCB
Add,MVR0000002,DVDs & Movies,Paris Je T'aime (DVD) - Blockbuster Video Nostalgia,Movie about Paris,https://i.ebayimg.com/images/g/H8gAAeSw38xo-WeB/s-l1600.jpg,https://ebay.us/m/6u9qCB,https://ebay.us/m/6u9qCB
Add,MVR0000003,DVDs & Movies,Paris Je T'aime (DVD) - Blockbuster Video Nostalgia,Movie about Paris,https://i.ebayimg.com/images/g/H8gAAeSw38xo-WeB/s-l1600.jpg,https://ebay.us/m/6u9qCB,https://ebay.us/m/6u9qCB
Add,MVR0000004,DVDs & Movies,Paris Je T'aime (DVD) - Blockbuster Video Nostalgia,Movie about Paris,https://i.ebayimg.com/images/g/H8gAAeSw38xo-WeB/s-l1600.jpg,https://ebay.us/m/6u9qCB,https://ebay.us/m/6u9qCB
Add,MVR0000005,DVDs & Movies,Paris Je T'aime (DVD) - Blockbuster Video Nostalgia,Movie about Paris,https://i.ebayimg.com/images/g/H8gAAeSw38xo-WeB/s-l1600.jpg,https://ebay.us/m/6u9qCB,https://ebay.us/m/6u9qCB
Add,MVR0000006,DVDs & Movies,Paris Je T'aime (DVD) - Blockbuster Video Nostalgia,Movie about Paris,https://i.ebayimg.com/images/g/H8gAAeSw38xo-WeB/s-l1600.jpg,https://ebay.us/m/6u9qCB,https://ebay.us/m/6u9qCB
Add,MVR0000007,DVDs & Movies,Paris Je T'aime (DVD) - Blockbuster Video Nostalgia,Movie about Paris,https://i.ebayimg.com/images/g/H8gAAeSw38xo-WeB/s-l1600.jpg,https://ebay.us/m/6u9qCB,https://ebay.us/m/6u9qCB
Add,MVR0000008,DVDs & Movies,Paris Je T'aime (DVD) - Blockbuster Video Nostalgia,Movie about Paris,https://i.ebayimg.com/images/g/H8gAAeSw38xo-WeB/s-l1600.jpg,https://ebay.us/m/6u9qCB,https://ebay.us/m/6u9qCB
Add,MVR0000009,DVDs & Movies,Paris Je T'aime (DVD) - Blockbuster Video Nostalgia,Movie about Paris,https://i.ebayimg.com/images/g/H8gAAeSw38xo-WeB/s-l1600.jpg,https://ebay.us/m/6u9qCB,https://ebay.us/m/6u9qCB
Add,MVR0000010,DVDs & Movies,Paris Je T'aime (DVD) - Blockbuster Video Nostalgia,Movie about Paris,https://i.ebayimg.com/images/g/H8gAAeSw38xo-WeB/s-l1600.jpg,https://ebay.us/m/6u9qCB,https://ebay.us/m/6u9qCB
Add,MVR0000011,DVDs & Movies,Paris Je T'aime (DVD) - Blockbuster Video Nostalgia,Movie about Paris,https://i.ebayimg.com/images/g/H8gAAeSw38xo-WeB/s-l1600.jpg,https://ebay.us/m/6u9qCB,https://ebay.us/m/6u9qCB
Add,MVR0000012,DVDs & Movies,Paris Je T'aime (DVD) - Blockbuster Video Nostalgia,Movie about Paris,https://i.ebayimg.com/images/g/H8gAAeSw38xo-WeB/s-l1600.jpg,https://ebay.us/m/6u9qCB,https://ebay.us/m/6u9qCB
Add,MVR0000013,DVDs & Movies,Paris Je T'aime (DVD) - Blockbuster Video Nostalgia,Movie about Paris,https://i.ebayimg.com/images/g/H8gAAeSw38xo-WeB/s-l1600.jpg,https://ebay.us/m/6u9qCB,https://ebay.us/m/6u9qCB
Add,MVR0000014,DVDs & Movies,Paris Je T'aime (DVD) - Blockbuster Video Nostalgia,Movie about Paris,https://i.ebayimg.com/images/g/H8gAAeSw38xo-WeB/s-l1600.jpg,https://ebay.us/m/6u9qCB,https://ebay.us/m/6u9qCB
Add,MVR0000015,DVDs & Movies,Paris Je T'aime (DVD) - Blockbuster Video Nostalgia,Movie about Paris,https://i.ebayimg.com/images/g/H8gAAeSw38xo-WeB/s-l1600.jpg,https://ebay.us/m/6u9qCB,https://ebay.us/m/6u9qCB
Add,MVR0000016,DVDs & Movies,Paris Je T'aime (DVD) - Blockbuster Video Nostalgia,Movie about Paris,https://i.ebayimg.com/images/g/H8gAAeSw38xo-WeB/s-l1600.jpg,https://ebay.us/m/6u9qCB,https://ebay.us/m/6u9qCB
Add,MVR0000017,DVDs & Movies,Paris Je T'aime (DVD) - Blockbuster Video Nostalgia,Movie about Paris,https://i.ebayimg.com/images/g/H8gAAeSw38xo-WeB/s-l1600.jpg,https://ebay.us/m/6u9qCB,https://ebay.us/m/6u9qCB
Add,MVR0000018,DVDs & Movies,Paris Je T'aime (DVD) - Blockbuster Video Nostalgia,Movie about Paris,https://i.ebayimg.com/images/g/H8gAAeSw38xo-WeB/s-l1600.jpg,https://ebay.us/m/6u9qCB,https://ebay.us/m/6u9qCB
